name,price,link
Glenburgie 1995 25 Year Old Connoisseurs Choice,275.00,https://www.whiskyshop.com/glenburgie-1995-25-year-old-connoisseurs-choice-tws-exclusive
GlenDronach 1993 26 Year Old #8635,385.00,https://www.whiskyshop.com/glendronach-1993-26-year-old-8635-tws-exclusive
Strathclyde 31 Year Old Batch 4 That Boutique-y Whisky Company,69.95,https://www.whiskyshop.com/strathclyde-31-year-old-batch-4-that-boutiquey-whisky-company
Blended Malt #1 25 Year Old That Boutique-y Whisky Company,125.95,https://www.whiskyshop.com/blended-malt-25-year-old-that-boutique-y-whisky-company
The MacPhail's Collection Glen Scotia 1992,199.00,https://www.whiskyshop.com/macphails-collection-glen-scotia-1992
Benromach 1977 #1266,999.00,https://www.whiskyshop.com/benromach-1977-1266
Ailsa Bay 1.2 Gift Pack,65.00,https://www.whiskyshop.com/ailsa-bay-gift-pack
First Editions Macduff 14 Year Old ,87.00,https://www.whiskyshop.com/first-editions-14-year-old-macduff
Glenturret 30 Year Old Platinum Old & Rare,455.00,https://www.whiskyshop.com/glenturret-30-year-old-platinum-old-rare
Dalmore 29 Year Old Platinum Old & Rare,465.00,https://www.whiskyshop.com/dalmore-29-year-old-platinum-old-rare
The Octave An Iconic Speyside 2010 10 Year Old,85.00,https://www.whiskyshop.com/the-octave-iconic-speyside-2010-10-year-old
The Octave Blair Athol 2008 12 Year Old,95.00,https://www.whiskyshop.com/the-octave-blair-athol-2008-12-year-old
Balvenie 25 Year Old Rare Marriages,600.00,https://www.whiskyshop.com/balvenie-rare-marriages-25-year-old
Aberfeldy 15 Year Old,62.99,https://www.whiskyshop.com/aberfeldy-15-year-old
Black Bull Peated Edition,32.00,https://www.whiskyshop.com/black-bull-peated-edition
Black Bull Kyloe,28.00,https://www.whiskyshop.com/black-bull-kyloe
Laphroaig 1997 23 Year Old The Kinship,519.00,https://www.whiskyshop.com/laphroaig-1997-23-year-old-kinship
Ardbeg 2001 19 Year Old The Kinship,486.50,https://www.whiskyshop.com/ardbeg-2001-19-year-old-kinship
Macallan Rare Cask 2021 Release,240.00,https://www.whiskyshop.com/macallan-rare-cask-2021-release
Bruichladdich 1991 29 Year Old The Kinship,512.00,https://www.whiskyshop.com/bruichladdich-29-year-old-the-kinship-1991
Velvet Fig Small Batch,40.49,https://www.whiskyshop.com/velvet-fig-small-batch
Laphroaig 16 Year Old ,87.95,https://www.whiskyshop.com/laphroaig-16-year-old
Balblair 2006 #78,185.00,https://www.whiskyshop.com/balblair-2006-78-the-w-club-exclusive
Gordon & MacPhail Smith's Glenlivet 1974 34 Years Old,650.00,https://www.whiskyshop.com/gordon-macphail-smith-s-glenlivet-1974-34-years-old
Fettercairn 16 Year Old 1st Release 2020 1 litre,99.99,https://www.whiskyshop.com/fettercairn-16-year-old-1st-release
MacPhail's 21 Year Old Gordon & MacPhail,125.00,https://www.whiskyshop.com/macphail-s-21-year-old-gordon-macphail
Glenlivet 1979 39 Year Old Gordon & MacPhail Archive,"1,149.00",https://www.whiskyshop.com/glenlivet-1979-39-year-old-cask-19236-g-m-archive
Gordon & Macphail Glen Grant 1966 45 Year Old,780.00,https://www.whiskyshop.com/gordon-macphail-glen-grant-1966-45-year-old
Gordon & Macphail Glen Grant 1962 43 Year Old Sherry Cask,"1,499.00",https://www.whiskyshop.com/gordon-macphail-glen-grant-1962-43-year-old-sherry-cask
Linkwood 1966 Private Collection,"6,500.00",https://www.whiskyshop.com/linkwood-1966-private-collection
Old Pulteney 1982 Private Collection,"1,200.00",https://www.whiskyshop.com/old-pulteney-1982-private-collection
Jura 1992 28 Year Old Connoisseur's Choice,240.00,https://www.whiskyshop.com/jura-1992-28-year-old-connoisseurs-choice
Glen Moray Warehouse 1 Tokaji Finish,74.95,https://www.whiskyshop.com/glen-moray-warehouse-1-tokaji-finish
Glen Scotia Dunnage Tasting Pack,50.00,https://www.whiskyshop.com/glen-scotia-dunnage-tasting-pack
Laphroaig 15 Year Old 2004 The Character of Islay Whisky Company,264.95,https://www.whiskyshop.com/laphroaig-15-year-old-2004-the-character-of-islay-whisky-company
Invergordon 50 Year Old That Boutique-y Whisky Company,349.95,https://www.whiskyshop.com/invergordon-50-year-old-that-boutique-y-whisky-company
Highland Single Malt #1 42 Year Old That Boutique-y Whisky Company,399.95,https://www.whiskyshop.com/highland-single-malt-1-42-year-old-that-boutique-y-whisky-company
Green Isle,29.95,https://www.whiskyshop.com/green-isle
Grace Ile 25 Year Old The Character of Islay Whisky Company,299.95,https://www.whiskyshop.com/grace-ile-25-year-old-the-character-of-islay-whisky-company
Fiona Macleod 33 Year Old The Character of Islay Whisky Company ,399.95,https://www.whiskyshop.com/fiona-macleod-33-year-old-the-character-of-islay-whisky-company
Darkness Inchfad 13 Year Old Pedro Ximénez Cask,64.95,https://www.whiskyshop.com/darkness-inchfad-13-year-old-pedro-ximinez-cask
Darkness Glen Elgin 12 Year Old Moscatel Cask,64.95,https://www.whiskyshop.com/darkness-glen-elgin-12-year-old-moscatel-cask
Darkness Deanston 20 Year Old Palo Cortado Cask,129.95,https://www.whiskyshop.com/darkness-deanston-20-year-old-palo-cortado
Darkness Dalmore 14 Year Old Oloroso Cask,128.95,https://www.whiskyshop.com/darkness-dalmore-14-year-old-oloroso-cask
Darkness Caperdonich 24 Year Old Pedro Ximinez Cask,335.95,https://www.whiskyshop.com/darkness-caperdonich-24-year-old-pedro-ximinez-cask
Darkness Balmenach 18 Year Old Moscatel Cask,89.95,https://www.whiskyshop.com/darkness-balmenach-18-year-old-moscatel-cask
Darkness Auchroisk 21 Year Old Moscatel Cask ,119.95,https://www.whiskyshop.com/darkness-auchroisk-21-year-old-moscatel-cask
Rare Find Speyside 1982 39 Year Old,385.00,https://www.whiskyshop.com/rare-find-speyside-1982-39-year-old
Port Charlotte Pac: 01 2011,90.00,https://www.whiskyshop.com/port-charlotte-pac-01-2001
Glenmorangie Grand Vintage Malt 1993,650.00,https://www.whiskyshop.com/glenmorangie-grand-vintage-malt-1993
Laphroaig 10 Year Old Cask Strength 2021 Batch 13,74.99,https://www.whiskyshop.com/laphroaig-10-year-old-cask-strength-2021
Personalised Famous Grouse,25.00,https://www.whiskyshop.com/personalised-famous-grouse
Aerstone 10 Year Old Land Cask,30.00,https://www.whiskyshop.com/aerstone-10-year-old-land-cask
Aerstone 10 Year Old Sea Cask ,30.00,https://www.whiskyshop.com/aerstone-10-year-old-sea-cask
Linkwood 12 year old Flora and Fauna,48.00,https://www.whiskyshop.com/linkwood-12-year-old-flora-and-fauna
Talisker 43 Year Old Xpedition Oak,"3,500.00",https://www.whiskyshop.com/talisker-43-year-old-xpedition-oak
Arran 1996 TWS Exclusive Single Cask #736,sold out,https://www.whiskyshop.com/arran-1996-736-the-whisky-shop-exclusive
Laphroaig 10 Year Old Sherry Oak Finish,65.00,https://www.whiskyshop.com/laphroaig-10-year-old-sherry-oak
Kingsbarns Balcomie,49.95,https://www.whiskyshop.com/kingsbarns-balcomie
Kilchoman 2012 Sherry Cask The W Club Exclusive,110.00,https://www.whiskyshop.com/kilchoman-2012-sherry-cask-the-w-club-exclusive
Glenturret 30 Year Old,"1,500.00",https://www.whiskyshop.com/glenturret-30-year-old
Glenturret 15 Year Old,110.00,https://www.whiskyshop.com/glenturret-15-year-old
Glenturret 12 Year Old,64.95,https://www.whiskyshop.com/glenturret-12-year-old
Golden Cask Caol Ila 35 Year Old,650.00,https://www.whiskyshop.com/caol-ila-35-year-old-golden-cask
Longmorn 1987 33 Year Old Connoisseur's Choice,840.00,https://www.whiskyshop.com/longmorn-1987-33-year-old-connoisseurs-choice
Balmenach 1987 32 Year Old Connoisseur's Choice,495.00,https://www.whiskyshop.com/balmenach-1987-32-year-old-connoisseurs-choice
Strathisla 1987 33 Year Old Connoisseur's Choice,750.00,https://www.whiskyshop.com/strathisla-1987-33-year-old-connoisseurs-choice
Benrinnes 1990 30 Year Old Connoisseur's Choice,495.00,https://www.whiskyshop.com/benrinnes-1990-30-year-old-connoisseurs-choice
Littlemill Testament 1976,"7,999.00",https://www.whiskyshop.com/littlemill-testament-1976
Benriach 21 Year Old The Twenty One,145.00,https://www.whiskyshop.com/benriach-21-year-old-the-twenty-one
Benriach 25 Year Old The Twenty Five,325.00,https://www.whiskyshop.com/benriach-25-year-old
anCnoc 24 Year Old,120.00,https://www.whiskyshop.com/ancnoc-24-year-old
GlenDronach 1994 26 Year Old Batch 18,444.00,https://www.whiskyshop.com/glendronach-26yo-1994-cask-4363-batch-18
Ledaig Sinclair Series Rioja Cask Finish,36.00,https://www.whiskyshop.com/ledaig-sinclair-series-rioja-cask-finish
anCnoc Peatheart Batch 2,52.00,https://www.whiskyshop.com/ancnoc-peatheart-batch-2
Arran 1999 #225 The W Club Exclusive,sold out,https://www.whiskyshop.com/arran-1999-225-thew-club-exclusive
Benriach Smoke Season,53.00,https://www.whiskyshop.com/benriach-the-smoke-season
Glenkeir Treasures Secret Speyside 15 Year Old,55.00,https://www.whiskyshop.com/glenkeir-treasures-secret-speyside-15-year-old
Tamdhu 15 Year Old,86.99,https://www.whiskyshop.com/tamdhu-15-year-old
Tamdhu 12 Year Old,47.99,https://www.whiskyshop.com/tamdhu-12-year-old
Glengoyne Legacy Series Chapter 2 ,69.99,https://www.whiskyshop.com/glengoyne-legacy-series-chapter-2
Glengoyne Cask Strength Batch 8,74.99,https://www.whiskyshop.com/glengoyne-cask-strength-batch-8
Glengoyne 30 Year Old,845.00,https://www.whiskyshop.com/glengoyne-30-year-old
Glengoyne 25 Year Old,395.00,https://www.whiskyshop.com/glengoyne-25-year-old
Glengoyne 18 Year Old,114.99,https://www.whiskyshop.com/glengoyne-18-year-old
Glengoyne 12 Year Old,44.99,https://www.whiskyshop.com/glengoyne-12-year-old
Glengoyne 10 Year Old,39.99,https://www.whiskyshop.com/glengoyne-10-year-old
Monkey Shoulder ,30.89,https://www.whiskyshop.com/monkey-shoulder
Loch Lomond 14 Year Old,55.00,https://www.whiskyshop.com/loch-lomond-14-year-old
Rare Find Tranquillity 1985 Highland Single Malt,385.00,https://www.whiskyshop.com/rare-find-tranquillity-1985-highland-single-malt
Loch Lomond 20 Year Old Open Course Collection Royal St George’s,160.00,https://www.whiskyshop.com/loch-lomond-20-year-old-open-course-collection-royal-st-georges
Johnnie Walker Blue Label Legendary Eight,275.00,https://www.whiskyshop.com/johnnie-walker-blue-label-legendary-eight
Aberlour 14 Year Old Double Cask ,55.00,https://www.whiskyshop.com/aberlour-14-year-old-double-cask
Macallan 12 Year Old Double Cask - Lunar New Year 2021,180.00,https://www.whiskyshop.com/macallan-12-year-old-double-cask-lunar-new-year-2021
Bunnahabhain 30 Year Old,500.00,https://www.whiskyshop.com/bunnahabhain-30-year-old
Balvenie 21 Year Old Single Barrel,218.00,https://www.whiskyshop.com/balvenie-21-year-old-single-barrel
Benromach 21 Year Old,125.00,https://www.whiskyshop.com/benromach-21-year-old
John Walker & Sons King George V,550.00,https://www.whiskyshop.com/john-walker-sons-king-george-v
Paul John Christmas Edition 2020,64.95,https://www.whiskyshop.com/paul-john-christmas-edition-2020
Compass Box Magic Cask,142.99,https://www.whiskyshop.com/compass-box-magic-cask
Johnnie Walker Blue Label Chinese New Year 2021 - Year of the Ox,224.00,https://www.whiskyshop.com/johnnie-walker-blue-label-chinese-new-year-2021-year-of-the-ox
Balblair 1990 29 Year Old Connoisseur's Choice ,620.00,https://www.whiskyshop.com/balblair-1990-connoisseurs-choice
Benriach 2005 UK Exclusive Pedro Ximenez Cask #5278,100.00,https://www.whiskyshop.com/benriach-2005-uk-exclusive-pedro-ximenez-cask-5278
Benriach 2005 UK Exclusive Peated Rum Cask #7553,120.00,https://www.whiskyshop.com/benriach-2005-14-year-old-7553
Black Bottle 10 Year Old,28.99,https://www.whiskyshop.com/black-bottle-10-year-old
Deanston 10 Year Old Bordeaux Red Wine Cask Finish,60.00,https://www.whiskyshop.com/deanston-10-year-old-bordeaux-red-wine-cask-finish
Character of Islay Bowmore 18 Year Old Wind & Waves #11714,294.95,https://www.whiskyshop.com/bowmore-18-year-old-wind-waves-11714
The Singleton of Glen Ord 38 Year Old Epicurean Odyssey,"2,100.00",https://www.whiskyshop.com/the-singleton-of-glen-ord-38-year-old-epicurean-odyssey
Johnnie Walker Black Icon 200th Anniversary,31.99,https://www.whiskyshop.com/johnnie-walker-black-icon-200th-anniversary
Johnnie Walker Gold Icon 200th Anniversary,sold out,https://www.whiskyshop.com/johnnie-walker-gold-icon-200th-anniversary
Drinks By The Dram Whisky Baubles ,39.95,https://www.whiskyshop.com/drinks-by-the-dram-whisky-baubles
Glenmorangie 12 Year Old Malaga,79.95,https://www.whiskyshop.com/glenmorangie-12-year-old-malaga
Compass Box Peat Monster Arcana,72.99,https://www.whiskyshop.com/compass-box-arcana
anCnoc 2007 #660,94.00,https://www.whiskyshop.com/ancnoc-2007-660
GlenAllachie 2006 #6620,99.00,https://www.whiskyshop.com/glenallachie-2006-6620
Wemyss Malts Bunnahabhain 1990 28 Year Old Boat Captain's Brew,239.00,https://www.whiskyshop.com/bunnahabhain-1990-28-year-old-boat-captains-brew
Wemyss Malts Bowmore 1988 31 Year Old Candied Violets,560.00,https://www.whiskyshop.com/bowmore-1988-31-year-old-candied-violets
Talisker 10 Year Old 20cl Hot Chocolate Gift Set,25.00,https://www.whiskyshop.com/talisker-hot-chocolate-gift-set
Talisker Exploration Gift Set 3x5cl,sold out,https://www.whiskyshop.com/talisker-exploration-gift-set
Johnnie Walker Blue Label Glass Gift Set,195.00,https://www.whiskyshop.com/johnnie-walker-blue-label-glass-gift-set
Johnnie Walker Black Label Glass Gift Set,30.00,https://www.whiskyshop.com/johnnie-walker-black-label-glass-gift-set
Johnnie Walker 18 Year Old Glass Gift Set,84.00,https://www.whiskyshop.com/johnnie-walker-18-year-old-glass-gift-set
Johnnie Walker Black Label Gift Tin,30.00,https://www.whiskyshop.com/johnnie-walker-black-label-gift-tin
Compass Box Spice Tree Extravaganza,91.95,https://www.whiskyshop.com/compass-box-spice-tree-extravaganza
Compass Box Rogues Banquet,184.95,https://www.whiskyshop.com/compass-box-rogues-banquet
Compass Box Juveniles,94.95,https://www.whiskyshop.com/compass-box-juveniles
Compass Box Flaming Heart,120.00,https://www.whiskyshop.com/compass-box-flaming-heart
Glendronach 2006 13 Year Old #5538 UK Exclusive,140.00,https://www.whiskyshop.com/glendronach-2006-13-year-old-5538-uk-exclusive
Gordon & MacPhail Glen Grant 1954 59 Year Old,"2,500.00",https://www.whiskyshop.com/gordon-macphail-glen-grant-1954-59-year-old
Gordon & MacPhail Mortlach 1949 51 Year Old,"3,999.00",https://www.whiskyshop.com/gordon-macphail-mortlach-1949-51-year-old
Jura The Loch,45.00,https://www.whiskyshop.com/jura-the-loch
Kilchoman Machir Bay Cask Strength Christmas Edition,56.00,https://www.whiskyshop.com/kilchoman-machir-bay-cask-strength-christmas-edition
Darkness Caperdonich 23 Year Old 10188,307.95,https://www.whiskyshop.com/darkness-caperdonich-23-year-old-10188
Darkness Aultmore 22 Year Old 10358,87.95,https://www.whiskyshop.com/darkness-aultmore-22-year-old-10358
Octomore 11.3 Islay Barley,175.00,https://www.whiskyshop.com/octomore-11-3-islay-barley
The Loch Fyne Bunnahabhain 14 Year Old 2005,95.00,https://www.whiskyshop.com/the-loch-fyne-bunnahabhain-14-year-old-2005
The Loch Fyne Craigellachie 12 Year Old 2008,80.00,https://www.whiskyshop.com/the-loch-fyne-craigellachie-12-year-old-2008
Arran Port Wood Cask Finish,49.99,https://www.whiskyshop.com/arran-port-wood-cask-finish
Arran Sauternes Cask Finish,39.80,https://www.whiskyshop.com/arran-sauternes-cask-finish
The Loch Fyne The Living Cask Batch 10, 45.00,https://www.whiskyshop.com/the-loch-fyne-the-living-cask-batch-10
Macallan 78 Year Old Red Collection,sold out,https://www.whiskyshop.com/macallan-78-year-old-red-collection
Macallan 74 Year Old Red Collection,sold out,https://www.whiskyshop.com/macallan-74-year-old-red-collection
Macallan 71 Year Old Red Collection,sold out,https://www.whiskyshop.com/macallan-71-year-old-red-collection
Macallan 50 Year Old Red Collection,sold out,https://www.whiskyshop.com/macallan-50-year-old-red-collection
Macallan 40 Year Old Red Collection,sold out,https://www.whiskyshop.com/macallan-40-year-old-red-collection
Johnnie Walker Blue Label 200th Anniversary,195.00,https://www.whiskyshop.com/johnnie-walker-blue-label-200th-anniversary
Glenmorangie 10 Year Old Original Giraffe Tin,39.99,https://www.whiskyshop.com/glenmorangie-original-10-year-old-giraffe-tin
GlenAllachie 9 Year Old Rye Cask Finish,58.99,https://www.whiskyshop.com/glenallachie-9-year-old-rye-cask-finish
Glen Scotia 11 Year Old Sherry Double Cask,59.95,https://www.whiskyshop.com/glen-scotia-11-year-old-sherry-double
Darkness 8 Year Old,49.99,https://www.whiskyshop.com/darkness-8-year-old
Character of Islay Tasting Set Pack,29.99,https://www.whiskyshop.com/character-of-islay-tasting-set-pack
Darkness Bowmore 17 Year Old Moscatel Cask Finish,193.99,https://www.whiskyshop.com/bowmore-17-year-old-moscatel-cask-finish
Aerolite Lyndsay Islay 10 Year Old,39.95,https://www.whiskyshop.com/aerolite-lyndsay-islay-10-year-old
Dalmore 12 Year Old Sherry Cask Select,69.00,https://www.whiskyshop.com/dalmore-12-year-old-sherry-cask
Deanston 1991 Muscat Cask Finish,270.00,https://www.whiskyshop.com/deanston-1991-muscat-cask-finish
Fettercairn 46 Year Old,"8,500.00",https://www.whiskyshop.com/fettercairn-46-year-old
Deanston 2002 Pinot Noir Cask,110.00,https://www.whiskyshop.com/deanston-2002-pinot-noir-cask
Deanston 2002 Organic,134.99,https://www.whiskyshop.com/deanston-2002-organic
Bunnahabhain 2008 Manzanilla Cask,149.99,https://www.whiskyshop.com/bunnahabhain-2008-manzanilla-cask
Bunnahabhain 1997 Moine,369.99,https://www.whiskyshop.com/bunnahabhain-1997-moine
Tobermory 23 Year Old,299.00,https://www.whiskyshop.com/tobermory-23-year-old
Benriach The Smoky Ten,46.00,https://www.whiskyshop.com/benriach-the-twelve-1
Benriach The Original Ten,45.00,https://www.whiskyshop.com/benriach-original-ten
Benriach The Smoky Twelve,51.00,https://www.whiskyshop.com/benriach-the-smoky-twelve
Benriach The Twelve,50.00,https://www.whiskyshop.com/benriach-the-twelve
Loch Lomond 30 Year Old,500.00,https://www.whiskyshop.com/loch-lomond-30-year-old
Loch Lomond 21 Year Old,145.00,https://www.whiskyshop.com/loch-lomond-21-year-old
Pittyvaich 30 Year Old Special Releases 2020,400.00,https://www.whiskyshop.com/pittyvaich-30-year-old-special-releases-2020
Cardhu 11 Year Old Special Releases 2020,85.00,https://www.whiskyshop.com/cardhu-11-year-old-special-releases-2020
Talisker 8 Year Old Special Releases 2020,90.00,https://www.whiskyshop.com/talisker-8-year-old-special-releases-2020
Loch Lomond Wales Open & Celtic Classic Oloroso Cask,84.99,https://www.whiskyshop.com/loch-lomond-wales-open-celtic-classic
Loch Lomond The English Open Sauternes Cask,84.99,https://www.whiskyshop.com/loch-lomond-the-english-open
Loch Lomond British Masters Limousin Oak Cask,84.99,https://www.whiskyshop.com/loch-lomond-british-masters
Loch Lomond The English Championship Rum Cask,89.99,https://www.whiskyshop.com/loch-lomond-the-english-championship
Loch Lomond The UK Championship Tawny Port Cask,89.99,https://www.whiskyshop.com/loch-lomond-the-uk-championship
First Editions Talisker 2010 8 Year Old,105.99,https://www.whiskyshop.com/first-editions-talisker-2010-8-year-old
Macallan 18 Year Old Double Cask, 250.00,https://www.whiskyshop.com/macallan-18-year-old-double-cask
Macallan 1954 47 Year Old Fine & Rare #1902,"31,995.00",https://www.whiskyshop.com/macallan-1954-47-year-old-fine-rare
Macallan 1940 37 Year Old Fine & Rare ,sold out,https://www.whiskyshop.com/macallan-1940-37-year-old-fine-rare
The Glenlivet Spectra,99.95,https://www.whiskyshop.com/glenlivet-spectra
Teacher's Highland Cream,20.00,https://www.whiskyshop.com/teachers-highland-cream-whisky
Balvenie The Edge of Burnhead Wood 19 Year Old,260.00,https://www.whiskyshop.com/balvenie-the-edge-of-burnhead-wood-19-year-old
Port Ellen 40 Year Old 9 Rogue Casks,"6,395.00",https://www.whiskyshop.com/port-ellen-40-year-old-9-rogue-casks
Wemyss Malts Velvet Fig 25 Year Old,sold out,https://www.whiskyshop.com/wemyss-malts-velvet-fig-25-year-old
Arran 1995 #217,225.00,https://www.whiskyshop.com/arran-1995-217
Old Malt Cask Ardbeg 32 Year Old 1967,"3,495.00",https://www.whiskyshop.com/old-malt-cask-ardbeg-32-year-old-1967
Glenkeir Treasures Twin Casks Secret Highland 11 Year Old,70.00,https://www.whiskyshop.com/glenkeir-treasures-twin-casks-secret-highland-11-year-old
Glen Scotia 2009 #784,65.00,https://www.whiskyshop.com/glen-scotia-2009-784
First Editions Blair Athol 2009,70.00,https://www.whiskyshop.com/first-editions-blair-athol-2009
Ardbeg 1972 VELIER,"6,995.00",https://www.whiskyshop.com/ardbeg-1972-velier
Dalmore 25 Year Old - 2019,875.00,https://www.whiskyshop.com/dalmore-25-year-old-2019
Stylish Whisky Mini Nessie Decanter 10cl,25.00,https://www.whiskyshop.com/stylish-whisky-mini-nessie-decanter-10cl
Stylish Whisky Mini Piper Decanter 10cl,25.00,https://www.whiskyshop.com/stylish-whisky-mini-piper-decanter-10cl
Stylish Whisky Mini Golf Decanter 10cl,25.00,https://www.whiskyshop.com/stylish-whisky-mini-golf-decanter-10cl
Johnnie Walker Blue Label Rare Side of Scotland,215.00,https://www.whiskyshop.com/johnnie-walker-blue-label-rare-side-of-scotland
Arran Sherry Cask The Bodega,52.89,https://www.whiskyshop.com/arran-sherry-cask-the-bodega
Robert Burns Malt Gift Pack,39.00,https://www.whiskyshop.com/robert-burns-malt-gift-pack
Glen Moray Rhum Agricole,59.00,https://www.whiskyshop.com/glen-moray-rhum-agricole
Nectar Grove Batch Strength,50.00,https://www.whiskyshop.com/nectar-grove-batch-strength
First Editions Glen Garioch 2008 10 Year Old,70.00,https://www.whiskyshop.com/first-editions-glen-garioch-2008-10-year-old
Laphroaig Lore Gift Set,89.00,https://www.whiskyshop.com/laphroaig-lore-gift-set
Jura 12 Year Old Gift Pack 2019,45.00,https://www.whiskyshop.com/jura-12-year-old-gift-pack-2019
Johnnie Walker Sweet Peat,30.00,https://www.whiskyshop.com/johnnie-walker-sweet-peat
Benromach 15 Year Old,65.95,https://www.whiskyshop.com/benromach-15-year-old
1770 Peated No.1,49.00,https://www.whiskyshop.com/1770-peated-no-1
Glendronach 1993 26 Year Old #7434,sold out,https://www.whiskyshop.com/glendronach-1993-26-year-old-7434
The Loch Fyne Gift Box Pick 'n' Mix, 38.00,https://www.whiskyshop.com/the-loch-fyne-gift-builder
The Lost Distillery Co. Discovery Selection Gift Pack 3x5cl,25.00,https://www.whiskyshop.com/the-lost-distillery-co-discovery-selection-gift-pack-3x5cl
Magnum Highland Cream Liqueur,18.99,https://www.whiskyshop.com/magnum-highland-cream-liqueur
Bruichladdich The Classic Laddie Scottish Barley Gift Pack,52.00,https://www.whiskyshop.com/bruichladdich-the-classic-laddie-scottish-barley-gift-pack
Littlemill 29 Year Old Private Cellar Edition 2019,"2,750.00",https://www.whiskyshop.com/littlemill-29-year-old-private-cellar-edition-2019
Macallan Exceptional Single Cask 1950,"69,000.00",https://www.whiskyshop.com/macallan-exceptional-single-cask-1950
Balblair 25 Year Old,525.00,https://www.whiskyshop.com/balblair-25-year-old
Glenfiddich Grand Cru 23 Year Old,220.00,https://www.whiskyshop.com/glenfiddich-grand-cru-23-year-old
Johnnie Walker Taster Gift Set 3x5cl,20.00,https://www.whiskyshop.com/johnnie-walker-taster-gift-set-3x5cl
The Loch Fyne Glentauchers 11 Year Old, 75.00,https://www.whiskyshop.com/the-loch-fyne-glentauchers-11-year-old
The Loch Fyne Aultmore 12 Year Old, 80.00,https://www.whiskyshop.com/the-loch-fyne-aultmore-12-year-old
The Last Drop 56 Year Old,"3,750.00",https://www.whiskyshop.com/the-last-drop-56-year-old
Johnnie Walker Blue Label Ghost & Rare: Glenury Royal,269.00,https://www.whiskyshop.com/johnnie-walker-blue-label-ghost-rare-glenury-royal
Jura Gift Pack 3x5cl,21.00,https://www.whiskyshop.com/jura-gift-pack-3x5cl
Old Pulteney 25 Year Old - 2019,425.00,https://www.whiskyshop.com/old-pulteney-25-year-old-2019
Talisker 41 Year Old,"2,900.00",https://www.whiskyshop.com/talisker-41-year-old
Highland Park 12 Year Old,40.00,https://www.whiskyshop.com/highland-park-12-year-old
Stylish Whisky Golf Club Decanter 20cl,45.00,https://www.whiskyshop.com/stylish-whisky-golf-club-decanter-20cl
Pot Still Decanter with Tap & 2 Glasses,80.00,https://www.whiskyshop.com/pot-still-tap-and-glasses
The Lost Distillery Co. Dalaruan,50.00,https://www.whiskyshop.com/the-lost-distillery-co-dalaruan
Auchentoshan Gift Pack 3x5cl,32.00,https://www.whiskyshop.com/auchentoshan-gift-pack-3x5cl
Loch Lomond 12 Year Old Taster Pack,26.00,https://www.whiskyshop.com/loch-lomond-12-year-old-taster-pack
Benromach Cask Strength 2009,54.95,https://www.whiskyshop.com/benromach-cask-strength-2009
Kilchoman Twin Pack 2x20cl,54.00,https://www.whiskyshop.com/kilchoman-twin-pack-2x20cl
Kilchoman Sanaig 20cl,29.00,https://www.whiskyshop.com/kilchoman-sanaig-20cl
Loch Lomond Single Grain,30.00,https://www.whiskyshop.com/loch-lomond-single-grain
Loch Lomond Signature,30.00,https://www.whiskyshop.com/loch-lomond-signature
Loch Lomond Original,25.00,https://www.whiskyshop.com/loch-lomond-original
Glenkeir Treasures Secret Islay 10cl,12.00,https://www.whiskyshop.com/glenkeir-treasures-secret-islay-10cl
Piper Decanter,80.00,https://www.whiskyshop.com/piper-decanter
Macallan 10 Year Old Sherry Oak,300.00,https://www.whiskyshop.com/macallan-10-year-old-sherry-oak-1
Stylish Whisky Globe Decanter 20cl,45.00,https://www.whiskyshop.com/stylish-whisky-globe-decanter-20cl
Bruichladdich Islay Barley 20cl,28.00,https://www.whiskyshop.com/bruichladdich-islay-barley-20cl
Bruichladdich The Classic Laddie 20cl,26.00,https://www.whiskyshop.com/bruichladdich-the-classic-laddie-20cl
Longrow Peated,sold out,https://www.whiskyshop.com/longrow-peated
Glengoyne 21 Year Old,170.00,https://www.whiskyshop.com/glengoyne-21-year-old
Kilchoman Machir Bay,49.00,https://www.whiskyshop.com/kilchoman-marchir-bay
1770 Glasgow Single Malt,49.00,https://www.whiskyshop.com/1770-glasgow-malt
Balvenie The Week of Peat 14 Year Old,65.00,https://www.whiskyshop.com/balvenie-the-week-of-peat-14-year-old
Balvenie The Sweet Toast of American Oak 12 Year Old,55.00,https://www.whiskyshop.com/balvenie-the-sweet-toast-of-american-oak-12-year-old
Macallan Estate 2019,195.00,https://www.whiskyshop.com/macallan-estate
Johnnie Walker 18 Year Old,82.00,https://www.whiskyshop.com/johnnie-walker-18-year-old
Whisky Works King of Trees 10 Year Old,75.00,https://www.whiskyshop.com/whisky-works-king-of-trees-10-year-old
Tobermory 12 Year Old,50.00,https://www.whiskyshop.com/tobermory-12-year-old
GlenDronach 1992 26 Year Old The Whisky Shop Exclusive,sold out,https://www.whiskyshop.com/glendronach-1992-26-year-old-the-whisky-shop-exclusive
Balblair 18 Year Old,103.95,https://www.whiskyshop.com/balblair-18-year-old
Balblair 15 Year Old,80.00,https://www.whiskyshop.com/balblair-15-year-old
Kingsbarns Dream to Dram,49.00,https://www.whiskyshop.com/kingsbarns-dream-to-dram
Balblair 12 Year Old,52.00,https://www.whiskyshop.com/balblair-12-year-old
Compass Box The Spaniard,57.00,https://www.whiskyshop.com/compass-box-the-spaniard
Macallan 1938 31 Year Old Fine & Rare,"42,500.00",https://www.whiskyshop.com/macallan-1938-31-year-old-fine-rare
Macallan 1947 15 Year Old Fine & Rare,"34,000.00",https://www.whiskyshop.com/macallan-1947-15-year-old-fine-rare
Glenglassaugh Evolution,41.89,https://www.whiskyshop.com/glenglassaugh-evolution
Balvenie 1971 DCS Chapter 4,"20,995.00",https://www.whiskyshop.com/balvenie-1971-dcs-chapter-4
Glen Moray Mastery,900.00,https://www.whiskyshop.com/glen-moray-mastery
Macallan 1940 35 Year Old Fine & Rare,"40,000.00",https://www.whiskyshop.com/macallan-1940-35-year-old-fine-rare
Glenkeir Treasures Secret Islay,55.00,https://www.whiskyshop.com/glenkeir-treasures-secret-islay
Auchentoshan American Oak,33.00,https://www.whiskyshop.com/auchentoshan-american-oak
Glen Scotia Victoriana, 73.00,https://www.whiskyshop.com/glen-scotia-victoriana
Talisker 1953 24 Year Old Connoisseur's Choice,"3,000.00",https://www.whiskyshop.com/talisker-1953-24-year-old-connoisseur-s-choice
Talisker 1952 21 Year Old Connoisseur's Choice,"2,500.00",https://www.whiskyshop.com/talisker-1952-21-year-old-connoisseur-s-choice
Johnnie Walker Green Label,40.63,https://www.whiskyshop.com/johnnie-walker-green-label
Ballantine's Miltonduff 17 Year Old,93.00,https://www.whiskyshop.com/ballantine-s-miltonduff-17-year-old
Glenfiddich 30 Year Old ,500.00,https://www.whiskyshop.com/glenfiddich-30-year-old
Glendronach Peated Cask ,sold out,https://www.whiskyshop.com/glendronach-peated-cask
Laphroaig Select,40.00,https://www.whiskyshop.com/laphroaig-select
The Naked Grouse,30.00,https://www.whiskyshop.com/the-naked-grouse
Royal Lochnagar 12 Year Old,64.00,https://www.whiskyshop.com/royal-lochnagar-12-year-old
The Glenlivet Founder's Reserve,40.00,https://www.whiskyshop.com/the-glenlivet-founder-s-reserve
Scotland in a Box,69.00,https://www.whiskyshop.com/scotland-in-a-box
Port Charlotte Islay Barley ,65.00,https://www.whiskyshop.com/port-charlotte-islay-barley
Glenfarclas 1984 ,"5,500.00",https://www.whiskyshop.com/glenfarclas-1984
Glenfarclas 1975 ,"5,900.00",https://www.whiskyshop.com/glenfarclas-1975
Glenfarclas 1974,"3,500.00",https://www.whiskyshop.com/glenfarclas-1974
Glenfarclas 1973,"3,500.00",https://www.whiskyshop.com/glenfarclas-1973
Glenfarclas 1967,"3,999.00",https://www.whiskyshop.com/glenfarclas-1967
Glenfarclas 1965,"3,999.00",https://www.whiskyshop.com/glenfarclas-1965
Glenfarclas 1961,"4,400.00",https://www.whiskyshop.com/glenfarclas-1961
Glenfarclas 1958,"7,300.00",https://www.whiskyshop.com/glenfarclas-1958
Glenfarclas 1957,"10,850.00",https://www.whiskyshop.com/glenfarclas-1957
Glenfiddich 18 Year Old 5cl,11.00,https://www.whiskyshop.com/glenfiddich-18-year-old-5cl
Famous Grouse ,19.00,https://www.whiskyshop.com/famous-grouse
Stag's Breath,23.00,https://www.whiskyshop.com/stag-s-breath
Glenfiddich 15 Year Old Solera 20cl,27.00,https://www.whiskyshop.com/glenfiddich-15-year-old-solera-20cl
Cragganmore Distillers Edition ,63.00,https://www.whiskyshop.com/cragganmore-distillers-edition
Aberlour 16 Year Old ,85.00,https://www.whiskyshop.com/aberlour-16-year-old
Strathmill 12 year old ,59.00,https://www.whiskyshop.com/strathmill-12-year-old
Singleton of Dufftown 15 Year Old,55.99,https://www.whiskyshop.com/singleton-of-dufftown-15-year-old
Blairmhor 8 Year Old 35cl,19.00,https://www.whiskyshop.com/blairmhor-8-year-old-35cl
Talisker 10 year old 20cl,26.00,https://www.whiskyshop.com/talisker-10-year-old-20cl
Singleton of Dufftown 18 Year Old,76.00,https://www.whiskyshop.com/singleton-of-dufftown-18-year-old
Robert Burns Blend ,28.00,https://www.whiskyshop.com/robert-burns-blend
Compass Box The Peat Monster ,47.00,https://www.whiskyshop.com/compass-box-the-peat-monster
Knockando 12 year old ,45.00,https://www.whiskyshop.com/knockando-12-year-old
Johnnie Walker Blue Label 20cl,60.00,https://www.whiskyshop.com/johnnie-walker-blue-label-20cl
Glenlossie 10 year old,60.00,https://www.whiskyshop.com/glenlossie-10-year-old
The Glenlivet 12 Year Old,40.00,https://www.whiskyshop.com/the-glenlivet-12-year-old
Glenkinchie 12 year old 20cl,25.00,https://www.whiskyshop.com/glenkinchie-12-year-old-20cl
Dalwhinnie 15 Year Old 20cl,26.00,https://www.whiskyshop.com/dalwhinnie-15-year-old-20cl
Cragganmore 12 Year Old 20cl,25.00,https://www.whiskyshop.com/cragganmore-12-year-old-20cl
Chivas Regal 12 Year Old ,34.00,https://www.whiskyshop.com/chivas-regal-12-year-old-whisky
Bunnahabhain 25 Year Old,360.00,https://www.whiskyshop.com/bunnahabhain-25-year-old
Black Bottle,21.00,https://www.whiskyshop.com/black-bottle
Balvenie Miniature Pack 3x5cl,28.00,https://www.whiskyshop.com/balvenie-miniature-pack-3x5cl
Arran Machrie Moor ,55.00,https://www.whiskyshop.com/arran-machrie-moor
Arran Sauternes Wood Finish ,52.00,https://www.whiskyshop.com/arran-sauternes-wood-finish
Teaninich 10 Year Old,58.00,https://www.whiskyshop.com/teaninich-10-year-old
Mannochmore 12 Year Old,58.00,https://www.whiskyshop.com/mannochmore-12-year-old
Johnnie Walker Red Label,30.00,https://www.whiskyshop.com/johnnie-walker-red-label
The Glenlivet 21 Year Old ,199.00,https://www.whiskyshop.com/the-glenlivet-21-year-old
GlenDronach 18 Year Old 5cl,15.00,https://www.whiskyshop.com/glendronach-18-year-old-5cl
Glen Spey 12 Year Old ,56.00,https://www.whiskyshop.com/glen-spey-12-year-old
Drambuie ,36.00,https://www.whiskyshop.com/drambuie
Bruadar Liqueur,28.00,https://www.whiskyshop.com/bruadar-liqueur
Glenmorangie Allta Private Edition - 10th Anniversary,79.00,https://www.whiskyshop.com/glenmorangie-allta-private-edition-10th-anniversary
The Glenlivet Nadurra Oloroso Cask Finish,61.00,https://www.whiskyshop.com/the-glenlivet-nadurra-oloroso-cask-finish
Johnnie Walker Blenders' Batch Directors Edition 2016,"2,995.00",https://www.whiskyshop.com/johnnie-walker-blenders-batch-directors-edition-2016
Aberlour Casg Annamh,46.89,https://www.whiskyshop.com/aberlour-casg-annamh
Compass Box Malt Whisky Collection,25.00,https://www.whiskyshop.com/compass-box-malt-whisky-collection
Benrinnes 15 Year Old,52.00,https://www.whiskyshop.com/benrinnes-15-year-old
Glenrothes 18 Year Old,109.00,https://www.whiskyshop.com/glenrothes-18-year-old
Lost Distillery Co. Gift Pack,40.00,https://www.whiskyshop.com/the-lost-distillery-co-gift-pack
Johnnie Walker Gold Label Gift Pack,52.00,https://www.whiskyshop.com/johnnie-walker-gold-label-gift-pack
Chivas Regal Mizunara,52.00,https://www.whiskyshop.com/chivas-regal-mizunara
Monkey Shoulder Smokey Monkey,45.00,https://www.whiskyshop.com/monkey-shoulder-smokey-monkey
Mortlach 16 Year Old Distiller's Dram,66.30,https://www.whiskyshop.com/mortlach-16-year-old-distillers-dram
Mortlach 20 Year Old Cowie's Blue Seal,189.99,https://www.whiskyshop.com/mortlach-20-year-old-cowie-s-blue-seal
Jura 1988,650.00,https://www.whiskyshop.com/jura-1988
Glenfiddich Fire & Cane,43.00,https://www.whiskyshop.com/glenfiddich-fire-cane
The Last Drop Glenrothes 1968 Cask 13504,"5,400.00",https://www.whiskyshop.com/the-last-drop-glenrothes-1968-cask-13504
Ailsa Bay 1.2 Sweet Smoke,60.00,https://www.whiskyshop.com/ailsa-bay-1-2
Fettercairn 40 Year Old,"3,000.00",https://www.whiskyshop.com/fettercairn-40-year-old
Fettercairn 28 Year Old,550.00,https://www.whiskyshop.com/fettercairn-28-year-old
Fettercairn 12 Year Old,47.00,https://www.whiskyshop.com/fettercairn-12-year-old
Old Pulteney 18 Year Old,125.00,https://www.whiskyshop.com/old-pulteney-18-year-old
Old Pulteney 15 Year Old,75.00,https://www.whiskyshop.com/old-pulteney-15-year-old
Old Pulteney Huddart,50.00,https://www.whiskyshop.com/old-pulteney-huddart
Macallan M Black,"8,000.00",https://www.whiskyshop.com/macallan-m-black
The Glenlivet Captain's Reserve,48.00,https://www.whiskyshop.com/the-glenlivet-captain-s-reserve
Port Charlotte 10 Year Old,62.00,https://www.whiskyshop.com/port-charlotte-10-year-old
Talisker 40 Year Old,"2,750.00",https://www.whiskyshop.com/talisker-40-year-old
Macallan 12 Year Old Triple Cask, 70.00,https://www.whiskyshop.com/macallan-12-year-old-triple-cask
BenRiach 21 Year Old,139.99,https://www.whiskyshop.com/benriach-21-year-old
The Loch Fyne Chocolate & Orange Liqueur 5cl,7.00,https://www.whiskyshop.com/the-loch-fyne-chocolate-orange-liqueur-5cl
The Loch Fyne Blend 5cl,7.00,https://www.whiskyshop.com/the-loch-fyne-blend-5cl
The Glenlivet 25 Year Old,375.00,https://www.whiskyshop.com/the-glenlivet-25-year-old
Classic Malts Gentle Collection,34.95,https://www.whiskyshop.com/classic-malts-gentle-collection
Classic Malts Coastal Collection,34.95,https://www.whiskyshop.com/classic-malts-coastal-collection
Classic Malt Pack Strong 3 x 20cl,34.95,https://www.whiskyshop.com/classic-malts-strong-collection
Golf Ball on Tee with Tap,80.00,https://www.whiskyshop.com/golf-ball-on-tee-with-tap
Johnnie Walker Gold Label Reserve,52.00,https://www.whiskyshop.com/johnnie-walker-gold-label-reserve
Johnnie Walker Double Black,49.00,https://www.whiskyshop.com/johnnie-walker-double-black
Johnnie Walker Blue Label, 150.00,https://www.whiskyshop.com/johnnie-walker-blue-label
Johnnie Walker Black Label,44.00,https://www.whiskyshop.com/johnnie-walker-black-label
Jura 18 Year Old,75.00,https://www.whiskyshop.com/jura-18-year-old
Bunnahabhain 40 Year Old,"2,225.00",https://www.whiskyshop.com/bunnahabhain-40-year-old
Jura Seven Wood,59.00,https://www.whiskyshop.com/jura-seven-wood
Bunnahabhain Toiteach A Dha,32.90,https://www.whiskyshop.com/bunnahabhain-toiteach-a-dha
Spice Tree ,50.00,https://www.whiskyshop.com/spice-tree
Macallan 12 Year Old Double Cask,53.94,https://www.whiskyshop.com/macallan-12-year-old-double-cask
Bunnahabhain 1980 Canasta Cask Finish,"1,800.00",https://www.whiskyshop.com/bunnahabhain-1980-canasta-cask-finish
Jura 12 Year Old,45.00,https://www.whiskyshop.com/jura-12-year-old
Dalmore Port Wood Reserve,65.00,https://www.whiskyshop.com/dalmore-port-wood-reserve
Caol Ila 12 Year Old 20cl,28.00,https://www.whiskyshop.com/caol-ila-12-year-old-20cl
Bunnahabhain Stiuireadair,33.95,https://www.whiskyshop.com/bunnahabhain-stiuireadair
Globe Decanter & 4 Glasses,80.00,https://www.whiskyshop.com/globe-and-4-glasses
Macallan No 6 1824 Series ,"2,800.00",https://www.whiskyshop.com/macallan-no-6-1824-series
Glenfiddich 21 Year Old 20cl,45.00,https://www.whiskyshop.com/glenfiddich-21-year-old-20cl
Barrel and 2 Glasses,80.00,https://www.whiskyshop.com/barrel-and-2-glasses
Auchentoshan Gift Pack 3 x 20cl,69.00,https://www.whiskyshop.com/auchentoshan-gift-pack-3x20cl
Barley Tap and 2 Glasses,80.00,https://www.whiskyshop.com/barley-tap-and-2-glasses
Glenfiddich IPA Experiment,57.00,https://www.whiskyshop.com/glenfiddich-ipa-experiment
Aberlour A'bunadh,79.00,https://www.whiskyshop.com/aberlour-a-bunadh
Laphroaig Lore,89.00,https://www.whiskyshop.com/laphroaig-lore
Glenfiddich Project XX,50.00,https://www.whiskyshop.com/glenfiddich-project-xx
Old Pulteney 1983 Vintage,500.00,https://www.whiskyshop.com/old-pulteney-1983-vintage
Dalmore 35 Year Old,"4,500.00",https://www.whiskyshop.com/dalmore-35-year-old
Chivas Regal 25 year old,285.00,https://www.whiskyshop.com/chivas-regal-25-year-old
Old Pulteney 25 Year Old,300.00,https://www.whiskyshop.com/old-pulteney-25-year-old
The Lost Distillery Co. Lossit,50.00,https://www.whiskyshop.com/the-lost-distillery-co-lossit
Dalmore Quintessence,"1,000.00",https://www.whiskyshop.com/dalmore-quintessence
Arran 10 Year Old,45.00,https://www.whiskyshop.com/arran-10-year-old
Caol Ila Moch,70.00,https://www.whiskyshop.com/caol-ila-moch
Highland Park Fire,190.00,https://www.whiskyshop.com/highland-park-fire
Talisker Skye ,45.00,https://www.whiskyshop.com/talisker-skye
Caol Ila Distillers Edition, 69.00,https://www.whiskyshop.com/caol-ila-distillers-edition
The Lost Distillery Co. Gerston,43.99,https://www.whiskyshop.com/the-lost-distillery-co-gerston
Robert Burns Malt,39.00,https://www.whiskyshop.com/robert-burns-malt
Loch Lomond Taster Pack,26.00,https://www.whiskyshop.com/loch-lomond-taster-pack
Chivas Regal 18 Year Old,59.50,https://www.whiskyshop.com/chivas-regal-18-year-old
Aberlour 12 Year Old,40.99,https://www.whiskyshop.com/aberlour-12-year-old
The Loch Fyne Whisky Taster Pack,25.00,https://www.whiskyshop.com/the-loch-fyne-whisky-gift-pack
anCnoc 18 Year Old,74.50,https://www.whiskyshop.com/ancnoc-18-year-old
Laphroaig Quarter Cask,50.00,https://www.whiskyshop.com/laphroaig-quarter-cask
Talisker Storm,39.50,https://www.whiskyshop.com/talisker-storm
The Lost Distillery Co. Auchnagie,50.00,https://www.whiskyshop.com/the-lost-distillery-co-auchnagie
Benromach 10 Year Old,41.95,https://www.whiskyshop.com/benromach-10-year-old
Loch Lomond Inchmoan 12 Year Old,36.90,https://www.whiskyshop.com/inchmoan-12-year-old
Highland Park 30 Year Old 2019 Release,800.00,https://www.whiskyshop.com/highland-park-30-year-old
Macallan 25 Year Old Sherry Oak 2020,"1,800.00",https://www.whiskyshop.com/macallan-25-year-old-sherry-oak-2020
Haig Club,35.00,https://www.whiskyshop.com/haig-club
Glen Scotia Taster Pack,24.00,https://www.whiskyshop.com/glen-scotia-taster-pack
Bowmore 25 Year Old,379.00,https://www.whiskyshop.com/bowmore-25-year-old
Auchentoshan Three Wood,61.00,https://www.whiskyshop.com/auchentoshan-three-wood
Benromach Organic,45.95,https://www.whiskyshop.com/benromach-organic
Talisker Distillers Edition,67.00,https://www.whiskyshop.com/talisker-distillers-edition
Glenmorangie Signet,175.00,https://www.whiskyshop.com/glenmorangie-signet
Balvenie 21 Year Old PortWood,165.00,https://www.whiskyshop.com/balvenie-21-year-old-portwood
Glen Scotia 18 Year Old,89.00,https://www.whiskyshop.com/glen-scotia-18-year-old
Loch Lomond Inchmurrin 12 Year Old,46.00,https://www.whiskyshop.com/inchmurrin-12-year-old
Cragganmore 12 Year Old,52.00,https://www.whiskyshop.com/cragganmore-12-year-old
Arran Gold Cream Liqueur,22.00,https://www.whiskyshop.com/arran-gold-cream-liqueur
Highland Park 21 Year Old,210.00,https://www.whiskyshop.com/highland-park-21-year-old
Cardhu 12 Year Old Gift Set,39.99,https://www.whiskyshop.com/cardhu-12-year-old-gift-set
Glenmorangie Quinta Ruban,58.00,https://www.whiskyshop.com/glenmorangie-quinta-ruban
Glendronach Parliament 21 Year Old,150.00,https://www.whiskyshop.com/glendronach-parliament-21-year-old
Dalmore Cigar Malt,84.00,https://www.whiskyshop.com/dalmore-cigar-malt
Bowmore 18 Year Old, 109.00,https://www.whiskyshop.com/bowmore-18-year-old
Oban 14 Year Old 20cl,29.00,https://www.whiskyshop.com/oban-14-year-old-20cl
Deanston Virgin Oak,34.00,https://www.whiskyshop.com/deanston-virgin-oak
Glen Moray 18 Year Old,85.00,https://www.whiskyshop.com/glen-moray-18-year-old
Ledaig 18 Year Old,89.00,https://www.whiskyshop.com/ledaig-18-year-old
Highland Park 18 Year Old,110.00,https://www.whiskyshop.com/highland-park-18-year-old
Speyburn 15 Year Old,68.00,https://www.whiskyshop.com/speyburn-15-year-old
Glenmorangie Nectar d'Or,65.00,https://www.whiskyshop.com/glenmorangie-nectar-d-or
Glenfiddich 15 Year Old Solera,52.00,https://www.whiskyshop.com/glenfiddich-15-year-old-solera
Oban Little Bay, 66.00,https://www.whiskyshop.com/oban-little-bay
Dalwhinnie Distillers Edition,76.00,https://www.whiskyshop.com/dalwhinnie-distillers-edition
Glen Moray 15 Year Old,55.00,https://www.whiskyshop.com/glen-moray-15-year-old
The Glenlivet 18 Year Old,99.00,https://www.whiskyshop.com/the-glenlivet-18-year-old
Lagavulin Distillers Edition 2019,93.95,https://www.whiskyshop.com/lagavulin-distillers-edition
Speyburn 10 Year Old,37.00,https://www.whiskyshop.com/speyburn-10-year-old
Glenmorangie Lasanta,55.00,https://www.whiskyshop.com/glenmorangie-lasanta
GlenDronach 18 Year Old ,sold out,https://www.whiskyshop.com/glendronach-18-year-old
Cardhu 18 Year Old,86.00,https://www.whiskyshop.com/cardhu-18-year-old
Bunnahabhain 18 Year Old, 125.00,https://www.whiskyshop.com/bunnahabhain-18-year-old
Balvenie 14 Year Old Caribbean Cask,60.00,https://www.whiskyshop.com/balvenie-14-year-old-caribbean-cask
Auchentoshan 18 Year Old,96.00,https://www.whiskyshop.com/auchentoshan-18-year-old
Ardbeg Uigeadail, 67.00,https://www.whiskyshop.com/ardbeg-uigeadail
Loch Lomond 18 Year Old, 78.00,https://www.whiskyshop.com/loch-lomond-18-year-old
Clynelish 14 Year Old 20cl,22.50,https://www.whiskyshop.com/clynelish-14-year-old-20cl
Glen Scotia Double Cask,45.00,https://www.whiskyshop.com/glen-scotia-double-cask
Glen Moray 12 Year Old,37.00,https://www.whiskyshop.com/glen-moray-12-year-old
Deanston 18 Year Old,90.00,https://www.whiskyshop.com/deanston-18-year-old
The Glenlivet 15 Year Old,60.00,https://www.whiskyshop.com/the-glenlivet-15-year-old
Talisker 18 Year Old,99.00,https://www.whiskyshop.com/talisker-18-year-old
Oban Distillers Edition, 59.95,https://www.whiskyshop.com/oban-distillers-edition
Macallan 12 Year Old Sherry Oak, 69.99,https://www.whiskyshop.com/macallan-12-year-old-sherry-oak
Lagavulin 16 Year Old,sold out,https://www.whiskyshop.com/lagavulin-16-year-old
Dalwhinnie Winter's Gold,49.00,https://www.whiskyshop.com/dalwhinnie-winters-gold
Glenkinchie 12 Year Old,52.00,https://www.whiskyshop.com/glenkinchie-12-year-old
Dalmore 15 Year Old,79.95,https://www.whiskyshop.com/dalmore-15-year-old
Cardhu 15 Year Old,65.00,https://www.whiskyshop.com/cardhu-15-year-old
Bunnahabhain 12 Year Old, 47.00,https://www.whiskyshop.com/bunnahabhain-12-year-old
Bruichladdich Islay Barley,67.00,https://www.whiskyshop.com/bruichladdich-islay-barley
Bowmore 12 Year Old, 46.00,https://www.whiskyshop.com/bowmore-12-year-old
Ballantine's 17 Year Old Scapa Edition ,100.00,https://www.whiskyshop.com/ballantine-s-17-year-old-scapa-edition
Ardbeg Corryvreckan,80.00,https://www.whiskyshop.com/ardbeg-corryvreckan
Loch Lomond 12 Year Old , 45.00,https://www.whiskyshop.com/loch-lomond-12-year-old
The Loch Fyne Chocolate & Orange Liqueur, 29.00,https://www.whiskyshop.com/the-loch-fyne-chocolate-orange-liqueur
The Loch Fyne Blend, 24.00,https://www.whiskyshop.com/the-loch-fyne-blend
Talisker 10 Year Old,39.99,https://www.whiskyshop.com/talisker-10-year-old
Singleton of Dufftown 12 Year Old,34.99,https://www.whiskyshop.com/singleton-of-dufftown-12-year-old
Old Pulteney 12 Year Old,29.50,https://www.whiskyshop.com/old-pulteney-12-year-old
Oban 14 Year Old,65.00,https://www.whiskyshop.com/oban-14-year-old
Ledaig 10 Year Old,40.24,https://www.whiskyshop.com/ledaig-10-year-old
Glenmorangie 18 Year Old,sold out,https://www.whiskyshop.com/glenmorangie-18-year-old
Glenfiddich 12 Year Old,45.00,https://www.whiskyshop.com/glenfiddich-12-year-old
GlenDronach 12 Year Old,51.95,https://www.whiskyshop.com/glendronach-12-year-old
Deanston 12 Year Old,49.00,https://www.whiskyshop.com/deanston-12-year-old
Dalwhinnie 15 Year Old,40.19,https://www.whiskyshop.com/dalwhinnie-15-year-old
Dalmore 12 Year Old,56.95,https://www.whiskyshop.com/dalmore-12-year-old
Craigellachie 13 Year Old,55.00,https://www.whiskyshop.com/craigellachie-13-year-old
Clynelish 14 Year Old,51.00,https://www.whiskyshop.com/clynelish-14-year-old
Cardhu 12 Year Old,50.00,https://www.whiskyshop.com/cardhu-12-year-old
Blair Athol 12 Year Old,52.00,https://www.whiskyshop.com/blair-athol-12-year-old
Balvenie 12 Year Old DoubleWood,44.95,https://www.whiskyshop.com/balvenie-12-year-old-doublewood
Auchroisk 10 Year Old,48.00,https://www.whiskyshop.com/auchroisk-10-year-old
Auchentoshan 12 Year Old,47.00,https://www.whiskyshop.com/auchentoshan-12-year-old
Ardbeg 10 Year Old ,39.94,https://www.whiskyshop.com/ardbeg-10-year-old-whisky
anCnoc 12 Year Old,38.00,https://www.whiskyshop.com/ancnoc-12-year-old
Fettercairn 50 Year Old,"17,995.00",https://www.whiskyshop.com/fettercairn-50-year-old
Loch Lomond 25 Year Old Lee Westwood,385.00,https://www.whiskyshop.com/loch-lomond-25-year-old
The Singleton 54 Year Old Paragon of Time II,"28,850.00",https://www.whiskyshop.com/singleton-54-year-old
Clynelish 27 Year Old Platinum Old & Rare,490.00,https://www.whiskyshop.com/clynelish-27-year-old-platinium-old-rare
Lindores Abbey MCDXCIV,45.00,https://www.whiskyshop.com/lindores-abbey-mcdxciv
The Octave Ben Nevis 2012 TWS Exclusive,81.99,https://www.whiskyshop.com/the-octave-ben-nevis-2012-tws-exclusive
The Octave Laphroaig 2011 9 Year Old,149.99,https://www.whiskyshop.com/the-octave-laphroaig-2011-9-year-old
The Octave Dalmore 2004 16 Year Old,285.00,https://www.whiskyshop.com/the-octave-dalmore-2004-16-year-old
Arran 23 Year Old Drumadoon Point - Explorer Series Vol. 4,149.95,https://www.whiskyshop.com/arran-23-year-old-drumadoon-point-explorer-series-vol-4
Darkness Craigellachie 12 Year Old,95.00,https://www.whiskyshop.com/darkness-craigellachie-12-year-old
Loch Lomond 45 Year Old,"3,450.00",https://www.whiskyshop.com/loch-lomond-45-year-old
Kilchoman Loch Gorm 2021,75.00,https://www.whiskyshop.com/kilchoman-loch-gorm-2021
Glenfiddich Grande Couronne 26 Year Old,450.00,https://www.whiskyshop.com/glenfiddich-grande-couronne-26-year-old
First Editions Blair Athol 8 Year Old 2012,67.00,https://www.whiskyshop.com/first-editions-blair-athol-8-year-old-2012
First Editions Glenburgie 13 Year Old 2007,87.00,https://www.whiskyshop.com/first-editions-glenburgie-13-year-old-2007
First Editions Tamnavulin 10 Year Old 2010,70.00,https://www.whiskyshop.com/first-editions-tamnavulin-10-year-old
Old Malt Cask Blair Athol 16 Year Old ,113.00,https://www.whiskyshop.com/old-malt-cask-blair-athol-16-year-old
First Editions Auchroisk 9 Year Old 2011,68.00,https://www.whiskyshop.com/first-editions-auchroisk-9-year-old
Old Malt Cask Jura 13 Year Old ,102.00,https://www.whiskyshop.com/old-malt-cask-jura-13-year-old
Old Malt Cask Glengoyne 13 Year Old ,95.00,https://www.whiskyshop.com/old-malt-cask-glengoyne-13-year-old
Old Malt Cask Caol Ila 10 Year Old ,120.00,https://www.whiskyshop.com/old-malt-cask-caol-ila-10-year-old
Loch Lomond The Open Special Edition,40.00,https://www.whiskyshop.com/loch-lomond-the-open-special-edition
Old Malt Cask Mortlach 13 Year Old,97.00,https://www.whiskyshop.com/old-malt-cask-mortlach-13-year-old
First Editions Ben Nevis 2011 9 Year Old,70.00,https://www.whiskyshop.com/first-editions-ben-nevis-9-year-old
Glen Moray 2006 Sauternes Cask,79.95,https://www.whiskyshop.com/glen-moray-2006-sauternes-cask-batch-1
First Editions Dailuaine 11 Year Old 2008,82.00,https://www.whiskyshop.com/first-editions-dailuaine-11-year-old-2008
First Editions Aultmore 10 Year Old 2010,70.00,https://www.whiskyshop.com/first-editions-aultmore-10-year-old-2010
Johnnie Walker Gold Label Glass Gift Set,49.00,https://www.whiskyshop.com/johnnie-walker-gold-label-glass-gift-set
Glendronach 27 Year Old #182 Oloroso UK Exclusive Single Cask,420.00,https://www.whiskyshop.com/glendronach-27-year-old-182-oloroso-uk-exclusive-single-cask
Laphroaig 30 Year Old The Ian Hunter Story Book Two,860.00,https://www.whiskyshop.com/laphroaig-30-year-old-the-ian-hunter-story-book-two
John Walker & Sons 28 Year Old Bicentenary Blend,725.00,https://www.whiskyshop.com/john-walker-sons-28-year-old-bicentenary-blend
Macallan Edition No.6,sold out,https://www.whiskyshop.com/macallan-edition-no-6
Dalwhinnie 30 Year Old Special Releases 2020,550.00,https://www.whiskyshop.com/dalwhinnie-30-year-old-special-releases-2020
Cragganmore 20 Year Old Special Releases 2020,130.00,https://www.whiskyshop.com/cragganmore-20-year-old-special-releases-2020
Mortlach 21 Year Old Special Releases 2020,575.00,https://www.whiskyshop.com/mortlach-21-year-old-special-releases-2020
Singleton 17 Year Old Special Releases 2020,110.00,https://www.whiskyshop.com/singleton-17-year-old-special-releases-2020
Fettercairn 22 Year Old,200.00,https://www.whiskyshop.com/fettercairn-22-year-old
Port Charlotte OLC: 01 2010 Heavily Peated,86.95,https://www.whiskyshop.com/port-charlotte-olc-2010
Macallan 15 Year Old Double Cask, 100.00,https://www.whiskyshop.com/macallan-15-year-old-double-cask
Loch Lomond 12 Year Old Open Edition,54.95,https://www.whiskyshop.com/loch-lomond-12-year-old-open-edition
Laphroaig 10 Year Old Cask Strength 2020,77.00,https://www.whiskyshop.com/laphroaig-10-year-old-cask-strength
Glen Moray Madeira Cask Project,65.00,https://www.whiskyshop.com/glen-moray-madeira-cask-project
Old Malt Cask Inchmurrin 23 Year Old,160.00,https://www.whiskyshop.com/old-malt-cask-inchmurrin-23-year-old
Macallan Rare Cask 2020 Release,sold out,https://www.whiskyshop.com/macallan-rare-cask-2020-release
First Editions Deanston 2009,74.00,https://www.whiskyshop.com/first-editions-deanston-2009
Glenkeir Treasures Twin Casks Secret Speyside 9 Year Old,68.00,https://www.whiskyshop.com/glenkeir-treasures-twin-casks-secret-speyside-9-year-old
Invergordon 21 Year Old The Sovereign,130.00,https://www.whiskyshop.com/invergordon-21-year-old-the-sovereign
The Loch Fyne The Living Cask Batch 9, 45.00,https://www.whiskyshop.com/the-loch-fyne-the-living-cask-batch-9
Arran Quarter Cask The Bothy,55.00,https://www.whiskyshop.com/arran-quarter-cask-the-bothy
Old and Rare Bunnahabhain 30 Year Old,560.00,https://www.whiskyshop.com/old-and-rare-bunnahabhain-30-year-old
Old Malt Cask Longmorn 21 Year Old,150.00,https://www.whiskyshop.com/old-malt-cask-longmorn-21-year-old
First Editions Ardmore 2009 9 Year Old,69.00,https://www.whiskyshop.com/first-editions-ardmore-2009-9-year-old
Bunnahabhain 1988 Marsala Cask Finish,450.00,https://www.whiskyshop.com/bunnahabhain-1988-marsala-cask-finish
Glenrothes Elders' Reserve 10cl,20.00,https://www.whiskyshop.com/glenrothes-elders-reserve-10cl
Glenrothes 2004,65.00,https://www.whiskyshop.com/glenrothes-2004
Glenrothes 1988,355.00,https://www.whiskyshop.com/glenrothes-1988
Old Malt Cask Tobermory 12 Year Old,92.00,https://www.whiskyshop.com/old-malt-cask-tobermory-12-year-old
First Editions Dalmore 2008 11 Year Old,78.00,https://www.whiskyshop.com/first-editions-dalmore-2008
Mortlach 15 Year Old - Game of Thrones Six Kingdoms,120.00,https://www.whiskyshop.com/mortlach-15-year-old-game-of-thrones-six-kingdoms
GlenAllachie 15 Year Old,67.00,https://www.whiskyshop.com/glenallachie-15-year-old
Highland Park Esquire,200.00,https://www.whiskyshop.com/highland-park-esquire
Dalwhinnie 30 Year Old Special Releases 2019,500.00,https://www.whiskyshop.com/dalwhinnie-30-year-old-special-releases-2019
Mortlach 26 Year Old Special Releases 2019,"1,500.00",https://www.whiskyshop.com/mortlach-26-year-old-special-releases-2019
Singleton of Glen Ord 18 Year Old Special Releases 2019,130.00,https://www.whiskyshop.com/singleton-of-glen-ord-18-year-old-special-releases-2019
Talisker 15 Year Old Special Releases 2019,110.00,https://www.whiskyshop.com/talisker-15-year-old-special-releases-2019
Old Pulteney 2006 #1448,99.00,https://www.whiskyshop.com/old-pulteney-2006-1448
Laphroaig 25 Year Old Cask Strength,460.00,https://www.whiskyshop.com/laphroaig-25-year-old-cask-strength
Loch Lomond 12 Year Old Gift Pack,50.00,https://www.whiskyshop.com/loch-lomond-12-year-old-gift-pack
Octomore 10.3 Dialogos 6 Year Old,175.00,https://www.whiskyshop.com/octomore-10-3-dialogos
Bruichladdich Black Art 7,295.00,https://www.whiskyshop.com/bruichladdich-black-art-7
Glen Moray 21 Year Old,145.00,https://www.whiskyshop.com/glen-moray-21-year-old
The Tweeddale Grain of Truth Peated Edition,49.00,https://www.whiskyshop.com/the-tweeddale-grain-of-truth-peated-edition
First Editions Mortlach 2007 11 Year Old,85.00,https://www.whiskyshop.com/first-editions-mortlach-2007-11-year-old
First Editions Caol Ila 2010 8 Year Old,105.00,https://www.whiskyshop.com/first-editions-caol-ila-2010-8-year-old
First Editions Craigellachie 2011 8 Year Old,70.00,https://www.whiskyshop.com/first-editions-craigellachie-2011-8-year-old
Glen Scotia 45 Year Old,"3,800.00",https://www.whiskyshop.com/glen-scotia-45-year-old
12 Drams of Christmas - Premium Whisky Selection Box,89.99,https://www.whiskyshop.com/12-drams-of-christmas-premium-edition
12 Drams of Christmas - Whisky Selection Box,69.00,https://www.whiskyshop.com/12-drams-of-christmas
Johnnie Walker Discover Gift Set 5x5cl,32.00,https://www.whiskyshop.com/johnnie-walker-discover-gift-set-5x5cl
Brora 40 Year Old 200th Anniversary,"4,500.00",https://www.whiskyshop.com/brora-40-year-old-200th-anniversary
Compass Box Myths & Legends III,130.00,https://www.whiskyshop.com/compass-box-myths-legends-iii
Compass Box Myths & Legends II,130.00,https://www.whiskyshop.com/compass-box-myths-legends-ii
Compass Box Myths & Legends I,130.00,https://www.whiskyshop.com/compass-box-myths-legends-i
GlenAllachie 12 Year Old,47.00,https://www.whiskyshop.com/glenallachie-12-year-old
Compass Box The Circle,120.00,https://www.whiskyshop.com/compass-box-the-circle
Compass Box No Name No.2,110.00,https://www.whiskyshop.com/compass-box-no-name-no-2
anCnoc Peat,80.00,https://www.whiskyshop.com/ancnoc-peat
Jura Two-One-Two (212),79.99,https://www.whiskyshop.com/jura-two-one-two
First Editions Blair Athol 2010,69.00,https://www.whiskyshop.com/first-editions-blair-athol-2010
First Editions Mortlach 2009,69.00,https://www.whiskyshop.com/first-editions-mortlach-2009
Port Charlotte Scottish Barley 20cl,24.00,https://www.whiskyshop.com/port-charlotte-scottish-barley-20cl
First Editions Inchgower 2008 20cl,26.00,https://www.whiskyshop.com/first-editions-inchgower-2008-20cl
First Editions Benrinnes 2010 8 Year Old 20cl,25.00,https://www.whiskyshop.com/first-editions-benrinnes-2010-20cl
Old Malt Cask Bowmore 17 Year Old,190.00,https://www.whiskyshop.com/old-malt-cask-bowmore-17-year-old-2001
First Editions Tullibardine 2008,80.00,https://www.whiskyshop.com/first-editions-tullibardine-2008
First Editions Bunnahabhain 2007 - 2018 Edition,70.00,https://www.whiskyshop.com/first-editions-bunnahabhain-2007-11-year-old
The Loch Fyne The Living Cask Batch 8, 45.00,https://www.whiskyshop.com/the-loch-fyne-the-living-cask-batch-8
Arran Master of Distilling II,74.99,https://www.whiskyshop.com/arran-master-of-distilling-ii
Loch Lomond 2004 Colin Montgomerie Single Cask,80.00,https://www.whiskyshop.com/loch-lomond-2004-colin-montgomerie-single-cask
Aultmore 21 Year Old,180.00,https://www.whiskyshop.com/aultmore-21-year-old
Glenkeir Treasures Secret Islay 20cl,24.00,https://www.whiskyshop.com/glenkeir-treasures-secret-islay-20cl
Glenkeir Treasures Speyburn 10 Year Old 10cl,13.00,https://www.whiskyshop.com/glenkeir-treasures-speyburn-10-year-old-20cl
Glenkeir Treasures Speyburn 10 Year Old 20cl,26.00,https://www.whiskyshop.com/glenkeir-treasures-speyburn-10-year-old-20cl-2933
Glenkeir Treasures Secret Speyside 8 Year Old 10cl,13.00,https://www.whiskyshop.com/glenkeir-treasures-secret-speyside-8-year-old-1
Glenkeir Treasures Secret Speyside 8 Year Old 20cl,26.00,https://www.whiskyshop.com/glenkeir-treasures-secret-speyside-8-year-old-20cl
Glenkeir Treasures Speyburn 10 Year Old,55.00,https://www.whiskyshop.com/glenkeir-treasures-speyburn-10-year-old
Glenkeir Treasures Secret Speyside 8 Year Old ,55.00,https://www.whiskyshop.com/glenkeir-treasures-secret-speyside-8-year-old
BenRiach Batch 16 1985 #7214,595.00,https://www.whiskyshop.com/benriach-batch-16-1985-7214
Jura 21 Year Old Tide,160.00,https://www.whiskyshop.com/jura-21-year-old-tide
First Editions Tamdhu 2007,74.00,https://www.whiskyshop.com/first-editions-tamdhu-2007
Glen Scotia 1999 #455,135.00,https://www.whiskyshop.com/glen-scotia-1999-single-cask
Usquaebach Reserve,39.00,https://www.whiskyshop.com/usquaebach-reserve
Distiller's Art Royal Brackla 18 Year Old,119.00,https://www.whiskyshop.com/distillers-art-royal-brackla-18-year-old
Glencairn Whisky Glasses & Auchentoshan 20cl Gift Set,42.00,https://www.whiskyshop.com/glencairn-whisky-glasses-auchentoshan-20cl-gift-set
First Editions Craigellachie 2006,76.00,https://www.whiskyshop.com/first-editions-craigellachie-2006
First Editions Benrinnes 2010,66.00,https://www.whiskyshop.com/first-editions-benrinnes-2010
Old Malt Cask Talisker 8 Year Old,115.00,https://www.whiskyshop.com/old-malt-cask-talisker-8-year-old
Kilchoman Sanaig ,47.49,https://www.whiskyshop.com/kilchoman-sanaig
First Editions Craigellachie 2008 10 Year Old,70.00,https://www.whiskyshop.com/first-editions-craigellachie-2008
Balvenie A Day of Dark Barley 26 Year Old,625.00,https://www.whiskyshop.com/balvenie-a-day-of-dark-barley-26-year-old
Loch Lomond The Open Special Edition Distiller's Cut Gift Pack,55.00,https://www.whiskyshop.com/loch-lomond-the-open-special-edition-distiller-s-cut
Singleton of Glendullan Reserve - Game of Thrones House Tully,38.00,https://www.whiskyshop.com/singleton-of-glendullan-reserve-game-of-thrones-house-tully
Clynelish Reserve - Game of Thrones House Tyrell,48.00,https://www.whiskyshop.com/clynelish-reserve-game-of-thrones-house-tyrell
Oban Bay Reserve - Game of Thrones The Night's Watch,65.00,https://www.whiskyshop.com/oban-bay-reserve-game-of-thrones-the-night-s-watch
Cardhu Gold Reserve - Game of Thrones House Targaryen,48.00,https://www.whiskyshop.com/cardhu-gold-reserve-game-of-thrones-house-targaryen
Whisky Works Glaswegian 29 Year Old,130.00,https://www.whiskyshop.com/whisky-works-glaswegian-29-year-old
Old Malt Cask Glenburgie 19 Year Old,125.00,https://www.whiskyshop.com/old-malt-cask-glenburgie-19-year-old
Old Malt Cask Mortlach 11 Year Old,95.00,https://www.whiskyshop.com/old-malt-cask-mortlach-11-year-old
Authors' Series Probably Speyside's Finest 1968 50 Year Old - Nathaniel Hawthorne ,"2,750.00",https://www.whiskyshop.com/authors-series-speyside-s-finest-1967-50-year-old-nathaniel-hawthorne
Authors' Series Tormore 1988 30 Year Old - Charles Baudelaire,425.00,https://www.whiskyshop.com/tormore-1988-30-year-old-authors-series-charles-baudelaire
Authors' Series Tullibardine 1993 25 Year Old - William Thackeray,395.00,https://www.whiskyshop.com/tullibardine-1993-25-year-old-authors-series
Springbank 1997 21 year old Authors Series - Oscar Wilde,625.00,https://www.whiskyshop.com/springbank-1997-21-year-old-authors-series
BenRiach 2005 Whisky Shop Exclusive ,85.00,https://www.whiskyshop.com/benriach-2005-whisky-shop-exclusive
Compass Box Hedonism,73.00,https://www.whiskyshop.com/compass-box-hedonism
BenRiach 12 Year Old Sherry Wood ,48.00,https://www.whiskyshop.com/benriach-12-year-old-sherry-wood
First Editions Mortlach 2007 Manager's Special,76.00,https://www.whiskyshop.com/first-editions-mortlach-managers-special
Glenkeir Treasures Gift Pack,25.00,https://www.whiskyshop.com/glenkeir-treasures-gift-pack
Glenkeir Treasures Aultmore 7 Year Old,45.00,https://www.whiskyshop.com/glenkeir-treasures-aultmore-7-year-old
Glenkeir Treasures Glengoyne 9 Year Old,50.00,https://www.whiskyshop.com/glenkeir-treasures-glengoyne-9-year-old
Mortlach 8 year old GlenKeir Treasure,45.00,https://www.whiskyshop.com/mortlach-8-year-old-glenkeir-treasure
Glenkeir Treasures Fettercairn 8 Year Old ,40.00,https://www.whiskyshop.com/glenkeir-treasures-fettercairn-8-year-old
Glenkeir Treasures Craigellachie 9 Year Old,50.00,https://www.whiskyshop.com/glenkeir-treasures-craigellachie-9-year-old
Old Malt Cask Tamdhu 8 Year Old 20cl,30.00,https://www.whiskyshop.com/old-malt-cask-tamdhu-8-year-old-20cl
Old Malt Cask Fettercairn 7 Year Old,28.00,https://www.whiskyshop.com/old-malt-cask-fettercairn-7-year-old-20cl
The John Walker ,"2,115.00",https://www.whiskyshop.com/the-john-walker
Glenglassaugh 30 Year Old,360.00,https://www.whiskyshop.com/glenglassaugh-30-year-old
Glenkinchie Distillers Edition,70.00,https://www.whiskyshop.com/glenkinchie-distillers-edition
Glenrothes Vintage Reserve ,40.00,https://www.whiskyshop.com/glenrothes-vintage-reserve
Laphroaig 25 Year Old 2018,600.00,https://www.whiskyshop.com/laphroaig-25-year-old-2018
Clynelish Select Reserve 2014 Special Release,500.00,https://www.whiskyshop.com/clynelish-select-reserve-2014-special-release
Glenfarclas 1960,"4,400.00",https://www.whiskyshop.com/glenfarclas-1960
Glenfiddich 15 Year Old Solera 5cl,8.25,https://www.whiskyshop.com/glenfiddich-15-year-old-solera-5cl
Bowmore Gift Pack 3x20cl,84.00,https://www.whiskyshop.com/bowmore-gift-pack-3x20cl
Lagavulin 16 year old 20cl,33.00,https://www.whiskyshop.com/lagavulin-16-year-old-20cl
Glenfiddich 12 Year Old 5cl,6.99,https://www.whiskyshop.com/glenfiddich-12-year-old-5cl
Glen Garioch 12 Year Old 5cl,12.00,https://www.whiskyshop.com/glen-garioch-12-year-old-5cl
Bowmore 18 Year Old 5cl,15.00,https://www.whiskyshop.com/bowmore-18-year-old-5cl
Bowmore 15 year old Darkest 5cl ,12.00,https://www.whiskyshop.com/bowmore-15-year-old-darkest-5cl
Bowmore 12 Year Old 5cl,10.00,https://www.whiskyshop.com/bowmore-12-year-old-5cl
BenRiach 10 Year Old Curiositas,47.00,https://www.whiskyshop.com/benriach-10-year-old-curiositas
Auchentoshan Three Wood 5cl,11.00,https://www.whiskyshop.com/auchentoshan-three-wood-5cl
Auchentoshan 12 year old 5cl,9.00,https://www.whiskyshop.com/auchentoshan-12-year-old-5cl
Monkey Shoulder,7.99,https://www.whiskyshop.com/monkey-shoulder-5cl
Johnnie Walker Red Label 5cl,5.99,https://www.whiskyshop.com/johnnie-walker-red-label-5cl
Johnnie Walker Black Label 5cl,5.99,https://www.whiskyshop.com/johnnie-walker-black-5cl
Isle of Jura 10 year old 5cl,7.99,https://www.whiskyshop.com/jura-origin-10-year-old-5cl
The Glenlivet 15 Year Old 5cl,7.00,https://www.whiskyshop.com/glenlivet-15-year-old-5cl
Glenfarclas 105 5cl,9.99,https://www.whiskyshop.com/glenfarclas-105-5cl
Glenfarclas 10 Year Old 5cl,7.99,https://www.whiskyshop.com/glenfarclas-10-year-old-5cl
GlenDronach 12 Year Old 5cl,7.99,https://www.whiskyshop.com/glendronach-12-year-old-5cl
Chivas Regal 12 Year Old 5cl,5.99,https://www.whiskyshop.com/chivas-regal-12-year-old-5cl
Bruadar Liqueur 5cl,6.75,https://www.whiskyshop.com/bruadar-liqueur-5cl
Blue Hanger 8th Limited Release,99.00,https://www.whiskyshop.com/blue-hanger-8-the-whisky-shop-exclusive
BenRiach 10 year old Curiositas 5cl,8.00,https://www.whiskyshop.com/benriach-10-year-old-curiositas-5cl
Bell's Blended Scotch Whisky 5cl,4.99,https://www.whiskyshop.com/bells-8-year-old-5cl
Bell's Blended Scotch Whisky 20cl,10.00,https://www.whiskyshop.com/bells-8-year-old-20cl
Balvenie 12 Year Old DoubleWood 5cl,8.25,https://www.whiskyshop.com/balvenie-12-year-old-doublewood-5cl
Arran 10 Year Old 5cl,6.99,https://www.whiskyshop.com/arran-10-year-old-5cl
Ardbeg 10 Year Old 5cl,7.50,https://www.whiskyshop.com/ardbeg-10-year-old-5cl
Loch Lomond 19 Year Old Royal Portrush,160.00,https://www.whiskyshop.com/loch-lomond-19-year-old-royal-portrush
Arran 21 Year Old ,125.00,https://www.whiskyshop.com/arran-21-year-old
Macallan Rare Cask Batch No.3,295.00,https://www.whiskyshop.com/macallan-rare-cask-batch-no-3
The Loch Fyne The Living Cask Batch 7,45.00,https://www.whiskyshop.com/the-loch-fyne-the-living-cask-batch-7
Octomore 10 Year Old Dialogos,160.00,https://www.whiskyshop.com/octomore-10-year-old-dialogos
First Editions Speyburn 2006,74.00,https://www.whiskyshop.com/first-editions-speyburn-2006
First Editions Jura 2006,74.00,https://www.whiskyshop.com/first-editions-jura-2006
Dalmore 40 Year Old 2018 Release,"6,750.00",https://www.whiskyshop.com/dalmore-40-year-old
Glenrothes 12 Year Old,45.00,https://www.whiskyshop.com/glenrothes-12-year-old
Glen Grant 30 Year Old Platinum Old & Rare,460.00,https://www.whiskyshop.com/glen-grant-30-year-old-platinum-old-rare
Old Malt Cask Inchgower 20 Year Old,124.00,https://www.whiskyshop.com/old-malt-cask-inchgower-20-year-old
Mortlach 12 Year Old The Wee Witchie,44.94,https://www.whiskyshop.com/mortlach-12-year-old-the-wee-witchie
Johnnie Walker White Walker,33.99,https://www.whiskyshop.com/johnnie-walker-white-walker
The Loch Fyne Springbank 28 Year Old,350.00,https://www.whiskyshop.com/the-loch-fyne-springbank-28-year-old
Laphroaig 20 Year Old Platinum Old & Rare,415.00,https://www.whiskyshop.com/laphroaig-20-year-old-platinum-old-rare
The Last Drop Glenrothes 1968 Cask 13508,"5,400.00",https://www.whiskyshop.com/the-last-drop-glenrothes-1968-cask-13508
The Loch Fyne Bunnahabhain 16 Year Old,110.00,https://www.whiskyshop.com/the-loch-fyne-bunnahabhain-16-year-old
Laphroaig 28 Year Old,560.00,https://www.whiskyshop.com/laphroaig-28-year-old
GlenDronach 15 Year Old Revival,62.00,https://www.whiskyshop.com/glendronach-revival-15-year-old
Bruichladdich Classic Laddie Gift Pack,52.00,https://www.whiskyshop.com/bruichladdich-classic-laddie-gift-pack
Macallan 30 Year Old Sherry Oak 2020,"4,750.00",https://www.whiskyshop.com/macallan-30-year-old-sherry-oak-2020
Oban 21 Year Old 2018 Special Release,450.00,https://www.whiskyshop.com/oban-21-year-old-2018-special-release
Carsebridge 48 Year Old 2018 Special Release,750.00,https://www.whiskyshop.com/carsebridge-48-year-old-2018-special-release
24 Advent Drams - Whisky Advent Calendar,99.00,https://www.whiskyshop.com/24-advent-drams-whisky-advent-calendar
Glenfiddich Winter Storm Batch 2,199.00,https://www.whiskyshop.com/glenfiddich-winter-storm-batch-2
The Loch Fyne The Living Cask Batch 6,45.00,https://www.whiskyshop.com/the-loch-fyne-the-living-cask-batch-6
Macallan 15 Year Old Triple Cask, 150.00,https://www.whiskyshop.com/macallan-15-year-old-triple-cask
BenRiach 21 Year Old Temporis,149.00,https://www.whiskyshop.com/benriach-21-year-old-temporis
The Loch Fyne The Living Cask Batch 4 5cl,8.00,https://www.whiskyshop.com/the-loch-fyne-the-living-cask-batch-4-5cl
The Loch Fyne Honey & Ginger Liqueur 5cl,7.00,https://www.whiskyshop.com/the-loch-fyne-honey-ginger-liqueur-5cl
The Tweeddale The Evolution,175.00,https://www.whiskyshop.com/the-tweeddale-the-evolution
The Last Drop 1971,"3,000.00",https://www.whiskyshop.com/the-last-drop-1971
Banff 40 Year Old Platinum Old and Rare,"1,275.00",https://www.whiskyshop.com/banff-40-year-old-platinum-old-and-rare
Old Malt Cask Tamnavulin 22 Year Old,140.00,https://www.whiskyshop.com/old-malt-cask-tamnavulin-22-year-old
Old Malt Cask Linkwood 19 Year Old,130.00,https://www.whiskyshop.com/old-malt-cask-linkwood-19-year-old
Convalmore 32 Year Old 2017 Special Release,"1,350.00",https://www.whiskyshop.com/convalmore-32-year-old-2017-special-release
Johnnie Walker King George V,500.00,https://www.whiskyshop.com/johnnie-walker-king-george-v
Glenfarclas Mini Pack 3 x 5cl,32.00,https://www.whiskyshop.com/glenfarclas-miniature-pack
Macallan 18 Year Old Triple Cask , 235.00,https://www.whiskyshop.com/macallan-18-year-old-triple-cask
Authors' Series Springbank 1993 Thomas Hardy,700.00,https://www.whiskyshop.com/authors-series-springbank-1993-thomas-hardy
Old Malt Cask Royal Brackla 19 Year Old,134.00,https://www.whiskyshop.com/old-malt-cask-royal-brackla-19-year-old
The Sovereign Invergordon 30 Year Old,160.00,https://www.whiskyshop.com/the-sovereign-invergordon-30-year-old
The Sovereign Strathclyde 30 Year Old,159.00,https://www.whiskyshop.com/the-sovereign-strathclyde-30-year-old
Caol Ila 36 Year Old Platinum Old & Rare,740.00,https://www.whiskyshop.com/caol-ila-36-year-old-platinum-old-rare
Dewar's Signature ,290.00,https://www.whiskyshop.com/dewar-s-signature
Dewar's 18 year old Founders Reserve,90.00,https://www.whiskyshop.com/dewar-s-18-year-old-founders-reserve
Macallan 18 Year Old Sherry Oak 2020, 295.00,https://www.whiskyshop.com/macallan-18-year-old-sherry-oak-2020
Glenmorangie The Pioneering Collection,35.00,https://www.whiskyshop.com/glenmorangie-the-pioneering-collection
Shackleton Blended Malt Scotch, 40.00,https://www.whiskyshop.com/shackleton-blended-malt-scotch
Highland Park The Dark,190.00,https://www.whiskyshop.com/highland-park-the-dark
Authors' Series Jura 1992 Washington Irving,380.00,https://www.whiskyshop.com/authors-series-jura-1992-washington-irving
Bowmore 26 Year Old French Oak Barrique,420.00,https://www.whiskyshop.com/bowmore-26-year-old-french-oak-barrique
Old Malt Cask Highland Park 19 Year Old,299.00,https://www.whiskyshop.com/old-malt-cask-highland-park-19-year-old
Bowmore Vault Edition 1 , 99.00,https://www.whiskyshop.com/bowmore-vault-edition-1
Invergordon 50 Year Old The Sovereign,849.00,https://www.whiskyshop.com/invergordon-50-year-old-the-sovereign
Bruichladdich 1985 32 Year Old,700.00,https://www.whiskyshop.com/bruichladdich-1985-32-year-old
First Editions Bunnahabhain 2007,77.00,https://www.whiskyshop.com/first-editions-bunnahabhain-2007
Old Malt Cask Mortlach 10 Year Old,95.00,https://www.whiskyshop.com/old-malt-cask-mortlach-10-year-old
The Glenlivet Nadurra Peated,70.00,https://www.whiskyshop.com/the-glenlivet-nadurra-peated
Glenrothes Peated Cask Reserve,45.00,https://www.whiskyshop.com/glenrothes-peated-cask-reserve
The Loch Fyne - The Living Cask - Batch 5,45.00,https://www.whiskyshop.com/the-loch-fyne-the-living-cask-batch-5
First Editions Talisker 2010,89.00,https://www.whiskyshop.com/first-editions-talisker-2010
Glenglassaugh Torfa,53.00,https://www.whiskyshop.com/glenglassaugh-torfa
Glenfiddich 26 Year Old Excellence ,375.00,https://www.whiskyshop.com/glenfiddich-excellence-26-year-old
The Lost Distillery Co. Jericho,50.00,https://www.whiskyshop.com/the-lost-distillery-co-jericho
Inchmurrin Taster Pack,28.00,https://www.whiskyshop.com/inchmurrin-taster-pack
BenRiach Heart of Speyside,40.00,https://www.whiskyshop.com/benriach-heart-of-speyside
Bowmore Devil's Cask III,190.00,https://www.whiskyshop.com/bowmore-devils-cask-iii
The Loch Fyne The Living Cask - Batch 4,45.00,https://www.whiskyshop.com/the-loch-fyne-the-living-cask-batch-4
Inchmoan 1992,230.00,https://www.whiskyshop.com/inchmoan-1992
Benromach Peat Smoke,45.95,https://www.whiskyshop.com/benromach-peat-smoke
The Loch Fyne Glentauchers 10 Year Old,65.00,https://www.whiskyshop.com/the-loch-fyne-glentauchers-10-year-old
Old Malt Cask Craigellachie 20 Year Old 20cl,57.00,https://www.whiskyshop.com/old-malt-cask-craigellachie-20-year-old-20cl
Dalmore Constellation 1973 cask 10,"14,314.00",https://www.whiskyshop.com/dalmore-constellation-1973-cask-10
Glenrothes 1976,"1,000.00",https://www.whiskyshop.com/glenrothes-1976
The Loch Fyne Craigellachie 10 Year Old 2007,70.00,https://www.whiskyshop.com/the-loch-fyne-craigellachie-10-year-old-2007
Talisker Port Ruighe,39.99,https://www.whiskyshop.com/talisker-port-ruighe
anCnoc Peatheart,59.00,https://www.whiskyshop.com/ancnoc-peatheart
Inchmurrin 18 Year Old,80.00,https://www.whiskyshop.com/inchmurrin-18-year-old
Balblair 2005,56.00,https://www.whiskyshop.com/balblair-2005
Glen Scotia 25 Year Old,375.00,https://www.whiskyshop.com/glen-scotia-25-year-old
The Loch Fyne Glenrothes 12 Year Old,75.00,https://www.whiskyshop.com/the-loch-fyne-glenrothes-12-year-old
First Editions Fettercairn 2008,70.00,https://www.whiskyshop.com/first-editions-fettercairn-2008
First Editions Mortlach 2007,74.00,https://www.whiskyshop.com/first-editions-mortlach-2007
Laphroaig Triple Wood,59.00,https://www.whiskyshop.com/laphroaig-triple-wood
Highland Journey Blended Malt,55.00,https://www.whiskyshop.com/highland-journey-blended-malt
Dalmore King Alexander III,189.00,https://www.whiskyshop.com/dalmore-king-alexander-iii
Auchentoshan 21 Year Old  ,143.00,https://www.whiskyshop.com/auchentoshan-21-year-old
Old Malt Cask Benrinnes 19 Year Old,119.00,https://www.whiskyshop.com/old-malt-cask-benrinnes-19-year-old
The Loch Fyne Bunnahabhain 12 Year Old,80.00,https://www.whiskyshop.com/the-loch-fyne-bunnahabhain-12-year-old
Glen Moray 25 Year Old,175.00,https://www.whiskyshop.com/glen-moray-25-year-old
Glenfiddich 18 Year Old,68.50,https://www.whiskyshop.com/glenfiddich-18-year-old-small-batch
Balvenie 17 Year Old DoubleWood,105.00,https://www.whiskyshop.com/balvenie-17-year-old-doublewood
Inchmurrin Madeira Wood Finish,55.00,https://www.whiskyshop.com/inchmurrin-madeira-wood-finish
Longmorn Distiller's Choice,65.00,https://www.whiskyshop.com/longmorn-distiller-s-choice
Glen Scotia 15 Year Old,63.00,https://www.whiskyshop.com/glen-scotia-15-year-old
The Loch Fyne Aultmore 10 Year Old,65.00,https://www.whiskyshop.com/the-loch-fyne-aultmore-10-year-old
First Editions Benrinnes 2005 12 Year Old,77.00,https://www.whiskyshop.com/first-editions-benrinnes-2005
Isle of Jura Prophecy,68.00,https://www.whiskyshop.com/isle-of-jura-prophecy
Girvan Patent Still 25 year old,199.00,https://www.whiskyshop.com/girvan-patent-still-25-year-old
Old Malt Cask Strathmill 21 Year Old,135.00,https://www.whiskyshop.com/old-malt-cask-strathmill-21-year-old
Port Ellen 1983 - Authors' Series - Alfred Tennyson,"2,800.00",https://www.whiskyshop.com/port-ellen-1983-authors-series-alfred-tennyson
Probably Speyside's Finest 50 Year Old Platinum Old & Rare,"2,000.00",https://www.whiskyshop.com/probably-speyside-s-finest-50-year-old-platinum-old-rare
Authors' Series Tormore 1988 Frederick Douglass,400.00,https://www.whiskyshop.com/tormore-1988-authors-series-frederick-douglass
Cragganmore 2016 Special Release,400.00,https://www.whiskyshop.com/cragganmore
Dalmore 18 Year Old,125.00,https://www.whiskyshop.com/dalmore-18-year-old
Bruichladdich The Classic Laddie Scottish Barley,52.00,https://www.whiskyshop.com/bruichladdich-the-classic-laddie-scottish-barley
Bowmore 15 Year Old, 44.99,https://www.whiskyshop.com/bowmore-15-year-old
The Loch Fyne Honey & Ginger Liqueur, 29.00,https://www.whiskyshop.com/the-loch-fyne-honey-ginger-liqueur
Old Malt Cask Mortlach 8 Year Old 20cl,31.00,https://www.whiskyshop.com/old-malt-cask-mortlach-8-year-old-20cl
Kininvie 23 Year Old Batch 3,110.00,https://www.whiskyshop.com/kininvie-23-year-old-batch-3
Highland Park 12 Year Old Gift Pack,40.00,https://www.whiskyshop.com/highland-park-12-gift-pack
Strathmill 25 Year Old 2014 Special Release,275.00,https://www.whiskyshop.com/strathmill-25-year-old
Aultmore 25 year old Limited Edition,365.00,https://www.whiskyshop.com/aultmore-25-year-old-limited-edition
Loch Fyne Bunnahabhain 14 Year Old,95.00,https://www.whiskyshop.com/the-loch-fyne-bunnahabhain-14-year-old
Ballantine's 17 Year Old,70.00,https://www.whiskyshop.com/ballantines-17-year-old
The Loch Fyne The Living Cask 1745, 75.00,https://www.whiskyshop.com/the-loch-fyne-the-living-cask-1745
Old Fashioned Cocktail Bundle,sold out,https://www.whiskyshop.com/old-fashioned-cocktail-bundle
Bunnahabhain 12 year old Old Malt Cask,110.00,https://www.whiskyshop.com/bunnahabhain-12-year-old-old-malt-cask
Laphroaig First Edition 11 year old ,143.00,https://www.whiskyshop.com/laphroaig-first-edition-11-year-old
The Cally 1974 'Caledonian' 40 Year Old 2015 Special Release,800.00,https://www.whiskyshop.com/the-cally-1974-caledonian-40-year-old-2015-special-release
Glenmorangie Original,45.00,https://www.whiskyshop.com/glenmorangie-original
The Black Grouse ,28.00,https://www.whiskyshop.com/the-black-grouse
Glenfarclas 1966,"3,999.00",https://www.whiskyshop.com/glenfarclas-1966
Glenfarclas 1972 ,"2,700.00",https://www.whiskyshop.com/glenfarclas-1972
Glenfarclas 1969,"3,999.00",https://www.whiskyshop.com/glenfarclas-1969
Glenfarclas 1964,"3,999.00",https://www.whiskyshop.com/glenfarclas-1964
Old Pulteney Stroma Liqueur ,29.00,https://www.whiskyshop.com/old-pulteney-stroma-liqueur
Glayva ,sold out,https://www.whiskyshop.com/glayva
